image_ID,x,y,width,height,tag
img1064.jpg,135.0,359.0,197.0,197.0,T
img1064.jpg,240.0,216.0,26.0,26.0,F
img1064.jpg,409.0,236.0,66.0,66.0,T
img1064.jpg,423.0,494.0,54.0,54.0,N
img1064.jpg,502.0,412.0,158.0,158.0,T
img1064.jpg,514.0,254.0,64.0,64.0,T
img1064.jpg,598.0,157.0,41.0,41.0,N
img1064.jpg,664.0,290.0,106.0,106.0,T
img1136.jpg,90.0,72.0,95.0,95.0,F
img1136.jpg,333.0,77.0,161.0,161.0,T
img1136.jpg,349.0,277.0,200.0,200.0,T
img1136.jpg,576.0,251.0,54.0,54.0,T
img1136.jpg,612.0,308.0,208.0,208.0,T
img1139.jpg,12.0,149.0,43.0,43.0,N
img1139.jpg,118.0,412.0,48.0,48.0,T
img1139.jpg,265.0,364.0,36.0,36.0,T
img1139.jpg,344.0,359.0,41.0,41.0,T
img1139.jpg,597.0,394.0,53.0,53.0,T
img1139.jpg,718.0,347.0,39.0,39.0,T
img1139.jpg,903.0,503.0,44.0,44.0,F
img1150.jpg,158.0,281.0,40.0,40.0,T
img1150.jpg,198.0,242.0,28.0,28.0,T
img1150.jpg,238.0,298.0,40.0,40.0,T
img1150.jpg,269.0,342.0,43.0,43.0,T
img1150.jpg,283.0,213.0,34.0,34.0,T
img1150.jpg,314.0,283.0,41.0,41.0,T
img1150.jpg,356.0,255.0,25.0,25.0,T
img1150.jpg,370.0,304.0,43.0,43.0,T
img1150.jpg,419.0,217.0,26.0,26.0,T
img1150.jpg,532.0,377.0,54.0,54.0,T
img1150.jpg,561.0,299.0,35.0,35.0,T
img1150.jpg,602.0,336.0,41.0,41.0,T
img1150.jpg,624.0,379.0,70.0,70.0,T
img1150.jpg,636.0,99.0,59.0,59.0,N
img1150.jpg,670.0,319.0,49.0,49.0,T
img1150.jpg,686.0,115.0,83.0,83.0,N
img1150.jpg,714.0,145.0,72.0,72.0,N
img1150.jpg,729.0,257.0,39.0,39.0,T
img1150.jpg,745.0,343.0,52.0,52.0,T
img1150.jpg,769.0,246.0,22.0,22.0,F
img1151.jpg,19.0,268.0,32.0,32.0,T
img1151.jpg,79.0,270.0,40.0,40.0,T
img1151.jpg,143.0,289.0,34.0,34.0,T
img1151.jpg,207.0,287.0,41.0,41.0,T
img1151.jpg,210.0,332.0,43.0,43.0,T
img1151.jpg,270.0,337.0,39.0,39.0,T
img1151.jpg,293.0,292.0,38.0,38.0,T
img1151.jpg,319.0,337.0,39.0,39.0,T
img1151.jpg,360.0,293.0,27.0,27.0,T
img1151.jpg,411.0,254.0,26.0,26.0,T
img1151.jpg,411.0,330.0,33.0,33.0,T
img1151.jpg,478.0,365.0,47.0,47.0,T
img1151.jpg,538.0,373.0,48.0,48.0,T
img1151.jpg,558.0,321.0,32.0,32.0,T
img1151.jpg,570.0,257.0,23.0,23.0,T
img1151.jpg,581.0,355.0,38.0,38.0,T
img1151.jpg,652.0,377.0,56.0,56.0,T
img1151.jpg,666.0,312.0,47.0,47.0,T
img1151.jpg,733.0,320.0,48.0,48.0,T
img1151.jpg,873.0,230.0,26.0,26.0,F
img1175.jpg,103.0,195.0,63.0,63.0,T
img1175.jpg,134.0,86.0,67.0,67.0,T
img1175.jpg,266.0,152.0,52.0,52.0,T
img1175.jpg,335.0,180.0,49.0,49.0,F
img1175.jpg,466.0,132.0,73.0,73.0,T
img1175.jpg,595.0,228.0,71.0,71.0,T
img1175.jpg,597.0,78.0,121.0,121.0,N
img1175.jpg,608.0,72.0,61.0,61.0,N
img1175.jpg,664.0,216.0,58.0,58.0,T
img1175.jpg,746.0,92.0,64.0,64.0,N
img1175.jpg,773.0,390.0,45.0,45.0,F
img1175.jpg,899.0,420.0,46.0,46.0,F
img1176.jpg,43.0,306.0,51.0,51.0,T
img1176.jpg,85.0,118.0,35.0,35.0,N
img1176.jpg,174.0,357.0,49.0,49.0,T
img1176.jpg,274.0,266.0,60.0,60.0,T
img1176.jpg,323.0,227.0,66.0,66.0,T
img1176.jpg,532.0,259.0,58.0,58.0,T
img1176.jpg,564.0,338.0,46.0,46.0,T
img1176.jpg,680.0,263.0,42.0,42.0,F
img1210.jpg,261.0,337.0,59.0,59.0,N
img1210.jpg,262.0,86.0,95.0,95.0,T
img1210.jpg,422.0,335.0,102.0,102.0,T
img1210.jpg,513.0,209.0,87.0,87.0,T
img1210.jpg,540.0,83.0,22.0,22.0,F
img1210.jpg,713.0,72.0,96.0,96.0,T
img1531.jpg,177.0,220.0,46.0,46.0,T
img1531.jpg,286.0,262.0,48.0,48.0,T
img1531.jpg,367.0,267.0,51.0,51.0,T
img1531.jpg,414.0,320.0,53.0,53.0,N
img1531.jpg,517.0,274.0,53.0,53.0,T
img1531.jpg,579.0,249.0,54.0,54.0,T
img1531.jpg,660.0,273.0,62.0,62.0,T
img1600.jpg,167.0,291.0,101.0,101.0,T
img1600.jpg,301.0,221.0,124.0,124.0,T
img1600.jpg,424.0,169.0,46.0,46.0,F
img1600.jpg,461.0,293.0,146.0,146.0,T
img1600.jpg,636.0,321.0,83.0,83.0,F
img1600.jpg,698.0,231.0,229.0,229.0,T
img1637.jpg,48.0,257.0,240.0,240.0,T
img1637.jpg,323.0,118.0,110.0,110.0,T
img1637.jpg,352.0,2.0,45.0,45.0,F
img1637.jpg,431.0,115.0,89.0,89.0,T
img1637.jpg,549.0,217.0,143.0,143.0,T
img1637.jpg,602.0,124.0,50.0,50.0,F
img1637.jpg,696.0,101.0,85.0,85.0,T
img1637.jpg,731.0,353.0,148.0,148.0,T
img1637.jpg,796.0,147.0,99.0,99.0,T
img1637.jpg,874.0,8.0,51.0,51.0,F
img1721.jpg,184.0,276.0,48.0,48.0,T
img1721.jpg,239.0,207.0,45.0,45.0,T
img1721.jpg,301.0,264.0,43.0,43.0,T
img1721.jpg,307.0,224.0,28.0,28.0,T
img1721.jpg,372.0,234.0,27.0,27.0,T
img1721.jpg,396.0,247.0,39.0,39.0,T
img1721.jpg,397.0,202.0,39.0,39.0,T
img1721.jpg,466.0,236.0,43.0,43.0,T
img1721.jpg,512.0,236.0,43.0,43.0,T
img1721.jpg,552.0,202.0,45.0,45.0,T
img1721.jpg,589.0,229.0,52.0,52.0,T
img1721.jpg,672.0,362.0,34.0,34.0,N
img1721.jpg,673.0,189.0,48.0,48.0,T
img1721.jpg,757.0,194.0,54.0,54.0,T
img1721.jpg,864.0,219.0,24.0,24.0,F
img2026.jpg,45.0,8.0,42.0,42.0,F
img2026.jpg,139.0,216.0,123.0,123.0,T
img2026.jpg,263.0,212.0,76.0,76.0,T
img2026.jpg,350.0,189.0,60.0,60.0,T
img2026.jpg,427.0,61.0,70.0,70.0,T
img2026.jpg,609.0,176.0,97.0,97.0,T
img203.jpg,253.0,130.0,48.0,48.0,T
img203.jpg,286.0,179.0,53.0,53.0,T
img203.jpg,319.0,301.0,63.0,63.0,T
img203.jpg,333.0,133.0,51.0,51.0,T
img203.jpg,402.0,104.0,50.0,50.0,T
img203.jpg,473.0,130.0,51.0,51.0,T
img203.jpg,529.0,341.0,63.0,63.0,T
img203.jpg,534.0,21.0,60.0,60.0,F
img2039.jpg,115.0,368.0,30.0,30.0,T
img2039.jpg,164.0,379.0,33.0,33.0,T
img2039.jpg,186.0,353.0,24.0,24.0,T
img2039.jpg,225.0,373.0,28.0,28.0,T
img2039.jpg,228.0,200.0,21.0,21.0,N
img2039.jpg,236.0,443.0,52.0,52.0,T
img2039.jpg,291.0,385.0,26.0,26.0,T
img2039.jpg,337.0,413.0,50.0,50.0,T
img2039.jpg,361.0,544.0,66.0,66.0,T
img2039.jpg,398.0,337.0,21.0,21.0,F
img2039.jpg,417.0,366.0,30.0,30.0,T
img2039.jpg,483.0,453.0,65.0,65.0,T
img2039.jpg,537.0,390.0,45.0,45.0,T
img2039.jpg,559.0,355.0,26.0,26.0,T
img2039.jpg,616.0,381.0,45.0,45.0,T
img2039.jpg,666.0,364.0,35.0,35.0,T
img2039.jpg,679.0,431.0,50.0,50.0,T
img2039.jpg,741.0,404.0,47.0,47.0,T
img2039.jpg,827.0,388.0,46.0,46.0,T
img204.jpg,195.0,188.0,54.0,54.0,T
img204.jpg,258.0,121.0,60.0,60.0,T
img204.jpg,349.0,174.0,63.0,63.0,T
img204.jpg,412.0,165.0,58.0,58.0,T
img204.jpg,462.0,374.0,77.0,77.0,T
img204.jpg,496.0,135.0,62.0,62.0,T
img204.jpg,519.0,36.0,73.0,73.0,F
img204.jpg,576.0,161.0,66.0,66.0,T
img204.jpg,769.0,415.0,73.0,73.0,T
img2043.jpg,100.0,415.0,60.0,60.0,T
img2043.jpg,153.0,365.0,59.0,59.0,T
img2043.jpg,155.0,273.0,49.0,49.0,T
img2043.jpg,234.0,335.0,49.0,49.0,T
img2043.jpg,288.0,220.0,34.0,34.0,T
img2043.jpg,329.0,227.0,40.0,40.0,T
img2043.jpg,339.0,282.0,42.0,42.0,T
img2043.jpg,391.0,374.0,41.0,41.0,N
img2043.jpg,396.0,233.0,37.0,37.0,T
img2043.jpg,396.0,286.0,40.0,40.0,T
img2043.jpg,419.0,206.0,40.0,40.0,T
img2043.jpg,431.0,301.0,50.0,50.0,T
img2043.jpg,485.0,232.0,38.0,38.0,T
img2043.jpg,520.0,338.0,50.0,50.0,T
img2043.jpg,524.0,206.0,32.0,32.0,T
img2043.jpg,541.0,230.0,39.0,39.0,T
img2043.jpg,574.0,284.0,41.0,41.0,T
img2043.jpg,595.0,212.0,40.0,40.0,T
img2043.jpg,612.0,339.0,48.0,48.0,T
img2043.jpg,634.0,249.0,41.0,41.0,T
img2043.jpg,665.0,516.0,52.0,52.0,N
img2043.jpg,748.0,216.0,23.0,23.0,F
img2043.jpg,879.0,205.0,29.0,29.0,F
img2043.jpg,924.0,217.0,33.0,33.0,F
img2045.jpg,84.0,140.0,77.0,77.0,T
img2045.jpg,200.0,223.0,78.0,78.0,T
img2045.jpg,267.0,148.0,74.0,74.0,T
img2045.jpg,338.0,183.0,60.0,60.0,T
img2045.jpg,488.0,158.0,52.0,52.0,T
img2045.jpg,544.0,193.0,51.0,51.0,T
img2045.jpg,630.0,138.0,48.0,48.0,T
img2045.jpg,659.0,149.0,85.0,85.0,T
img2045.jpg,748.0,356.0,172.0,172.0,N
img2045.jpg,767.0,175.0,43.0,43.0,F
img2045.jpg,779.0,227.0,95.0,95.0,T
img2050.jpg,56.0,411.0,143.0,143.0,T
img2050.jpg,161.0,65.0,46.0,46.0,F
img2050.jpg,320.0,245.0,68.0,68.0,T
img2050.jpg,358.0,65.0,66.0,66.0,T
img2050.jpg,420.0,155.0,42.0,42.0,T
img2050.jpg,486.0,235.0,62.0,62.0,T
img2050.jpg,618.0,275.0,90.0,90.0,T
img2050.jpg,756.0,321.0,142.0,142.0,T
img2061.jpg,26.0,151.0,30.0,30.0,F
img2061.jpg,122.0,382.0,95.0,95.0,T
img2061.jpg,194.0,248.0,50.0,50.0,T
img2061.jpg,344.0,187.0,43.0,43.0,T
img2061.jpg,563.0,175.0,41.0,41.0,T
img2061.jpg,746.0,198.0,49.0,49.0,T
img2061.jpg,807.0,199.0,61.0,61.0,T
img2061.jpg,848.0,425.0,54.0,54.0,N
img2061.jpg,891.0,111.0,27.0,27.0,F
img2064.jpg,63.0,181.0,22.0,22.0,F
img2064.jpg,346.0,216.0,30.0,30.0,T
img2064.jpg,433.0,212.0,25.0,25.0,T
img2064.jpg,447.0,143.0,25.0,25.0,T
img2064.jpg,596.0,199.0,24.0,24.0,T
img2064.jpg,710.0,205.0,23.0,23.0,T
img2064.jpg,818.0,192.0,25.0,25.0,T
img2064.jpg,926.0,224.0,30.0,30.0,T
img2068.jpg,35.0,253.0,52.0,52.0,T
img2068.jpg,170.0,324.0,63.0,63.0,N
img2068.jpg,174.0,206.0,48.0,48.0,T
img2068.jpg,322.0,277.0,40.0,40.0,T
img2068.jpg,338.0,249.0,22.0,22.0,F
img2068.jpg,460.0,250.0,43.0,43.0,T
img2068.jpg,568.0,253.0,46.0,46.0,T
img2068.jpg,757.0,231.0,54.0,54.0,T
img2076.jpg,65.0,278.0,23.0,23.0,F
img2076.jpg,93.0,337.0,53.0,53.0,T
img2076.jpg,123.0,386.0,68.0,68.0,T
img2076.jpg,130.0,288.0,25.0,25.0,F
img2076.jpg,158.0,497.0,115.0,115.0,T
img2076.jpg,196.0,276.0,24.0,24.0,F
img2076.jpg,230.0,339.0,54.0,54.0,T
img2076.jpg,284.0,520.0,36.0,36.0,N
img2076.jpg,292.0,167.0,22.0,22.0,N
img2076.jpg,305.0,386.0,61.0,61.0,T
img2076.jpg,430.0,365.0,55.0,55.0,T
img2076.jpg,454.0,581.0,91.0,91.0,N
img2076.jpg,459.0,441.0,93.0,93.0,T
img2076.jpg,510.0,300.0,23.0,23.0,F
img2076.jpg,546.0,347.0,51.0,51.0,T
img2080.jpg,190.0,324.0,114.0,114.0,N
img2080.jpg,234.0,284.0,44.0,44.0,T
img2080.jpg,389.0,263.0,55.0,55.0,T
img2080.jpg,436.0,265.0,48.0,48.0,T
img2080.jpg,578.0,246.0,48.0,48.0,T
img2080.jpg,670.0,138.0,31.0,31.0,N
img2080.jpg,700.0,290.0,35.0,35.0,F
img2080.jpg,757.0,226.0,61.0,61.0,T
img2080.jpg,841.0,420.0,46.0,46.0,N
img2175.jpg,128.0,270.0,44.0,44.0,F
img2175.jpg,201.0,234.0,73.0,73.0,T
img2175.jpg,294.0,214.0,57.0,57.0,T
img2175.jpg,352.0,305.0,59.0,59.0,T
img2175.jpg,431.0,253.0,64.0,64.0,T
img2175.jpg,540.0,274.0,55.0,55.0,T
img2175.jpg,592.0,263.0,29.0,29.0,F
img2175.jpg,625.0,256.0,27.0,27.0,F
img2175.jpg,641.0,267.0,60.0,60.0,T
img2175.jpg,779.0,244.0,73.0,73.0,T
img218.jpg,335.0,166.0,45.0,45.0,T
img218.jpg,431.0,238.0,40.0,40.0,T
img218.jpg,499.0,242.0,33.0,33.0,T
img218.jpg,591.0,218.0,44.0,44.0,T
img218.jpg,634.0,552.0,46.0,46.0,N
img218.jpg,699.0,608.0,54.0,54.0,T
img2180.jpg,151.0,454.0,58.0,58.0,N
img2180.jpg,162.0,274.0,62.0,62.0,T
img2180.jpg,293.0,241.0,67.0,67.0,T
img2180.jpg,373.0,236.0,57.0,57.0,T
img2180.jpg,439.0,263.0,73.0,73.0,T
img2180.jpg,510.0,263.0,29.0,29.0,F
img2180.jpg,548.0,280.0,24.0,24.0,F
img2180.jpg,556.0,319.0,70.0,70.0,T
img2180.jpg,585.0,266.0,35.0,35.0,F
img2180.jpg,646.0,288.0,64.0,64.0,T
img2180.jpg,765.0,260.0,74.0,74.0,T
img2180.jpg,855.0,220.0,46.0,46.0,N
img2226.jpg,190.0,289.0,65.0,65.0,T
img2226.jpg,235.0,487.0,67.0,67.0,T
img2226.jpg,260.0,322.0,54.0,54.0,T
img2226.jpg,282.0,240.0,52.0,52.0,T
img2226.jpg,328.0,438.0,48.0,48.0,T
img2226.jpg,346.0,257.0,50.0,50.0,T
img2226.jpg,362.0,336.0,50.0,50.0,T
img2226.jpg,417.0,304.0,52.0,52.0,T
img2226.jpg,418.0,481.0,55.0,55.0,T
img2226.jpg,454.0,350.0,54.0,54.0,T
img2226.jpg,467.0,262.0,47.0,47.0,T
img2226.jpg,500.0,507.0,58.0,58.0,T
img2226.jpg,502.0,279.0,47.0,47.0,T
img2226.jpg,546.0,370.0,54.0,54.0,T
img2226.jpg,556.0,262.0,48.0,48.0,T
img2226.jpg,571.0,502.0,59.0,59.0,T
img2226.jpg,631.0,291.0,60.0,60.0,T
img2226.jpg,670.0,231.0,72.0,72.0,T
img2226.jpg,914.0,344.0,22.0,22.0,F
img2229.jpg,215.0,333.0,58.0,58.0,T
img2229.jpg,278.0,247.0,46.0,46.0,T
img2229.jpg,332.0,309.0,50.0,50.0,T
img2229.jpg,411.0,203.0,41.0,41.0,T
img2229.jpg,415.0,298.0,51.0,51.0,T
img2229.jpg,494.0,380.0,51.0,51.0,T
img2229.jpg,510.0,225.0,43.0,43.0,T
img2229.jpg,553.0,187.0,31.0,31.0,T
img2229.jpg,553.0,295.0,50.0,50.0,T
img2229.jpg,603.0,225.0,45.0,45.0,T
img2229.jpg,645.0,310.0,54.0,54.0,T
img2229.jpg,804.0,148.0,30.0,30.0,F
img2229.jpg,827.0,157.0,32.0,32.0,F
img2236.jpg,171.0,266.0,90.0,90.0,T
img2236.jpg,284.0,260.0,82.0,82.0,T
img2236.jpg,362.0,161.0,44.0,44.0,F
img2236.jpg,435.0,240.0,101.0,101.0,T
img2236.jpg,605.0,261.0,92.0,92.0,T
img2236.jpg,853.0,258.0,83.0,83.0,F
img2256.jpg,124.0,467.0,91.0,91.0,T
img2256.jpg,174.0,237.0,130.0,130.0,T
img2256.jpg,341.0,247.0,84.0,84.0,T
img2256.jpg,411.0,222.0,88.0,88.0,T
img2256.jpg,506.0,173.0,83.0,83.0,T
img2256.jpg,530.0,261.0,55.0,55.0,T
img2256.jpg,620.0,197.0,29.0,29.0,F
img2256.jpg,710.0,238.0,86.0,86.0,T
img2307.jpg,99.0,340.0,67.0,67.0,T
img2307.jpg,196.0,148.0,25.0,25.0,F
img2307.jpg,282.0,216.0,51.0,51.0,T
img2307.jpg,442.0,187.0,39.0,39.0,T
img2307.jpg,621.0,393.0,92.0,92.0,T
img2307.jpg,629.0,179.0,39.0,39.0,T
img2307.jpg,745.0,234.0,43.0,43.0,T
img2307.jpg,764.0,306.0,55.0,55.0,T
img2323.jpg,179.0,211.0,78.0,78.0,T
img2323.jpg,279.0,529.0,42.0,42.0,N
img2323.jpg,363.0,133.0,25.0,25.0,F
img2323.jpg,427.0,182.0,56.0,56.0,T
img2323.jpg,557.0,233.0,88.0,88.0,T
img2323.jpg,731.0,303.0,119.0,119.0,T
img279.jpg,108.0,221.0,32.0,32.0,F
img279.jpg,238.0,220.0,46.0,46.0,T
img279.jpg,277.0,397.0,80.0,80.0,T
img279.jpg,297.0,184.0,49.0,49.0,T
img279.jpg,380.0,193.0,56.0,56.0,T
img279.jpg,384.0,438.0,66.0,66.0,T
img279.jpg,409.0,356.0,54.0,54.0,T
img279.jpg,435.0,212.0,50.0,50.0,T
img279.jpg,478.0,336.0,52.0,52.0,T
img279.jpg,481.0,446.0,75.0,75.0,T
img279.jpg,548.0,226.0,31.0,31.0,T
img279.jpg,551.0,352.0,57.0,57.0,T
img279.jpg,610.0,196.0,37.0,37.0,T
img279.jpg,624.0,386.0,60.0,60.0,T
img279.jpg,662.0,232.0,35.0,35.0,T
img279.jpg,725.0,219.0,42.0,42.0,T
img3097.jpg,9.0,40.0,27.0,27.0,F
img3097.jpg,64.0,317.0,133.0,133.0,T
img3097.jpg,194.0,279.0,114.0,114.0,T
img3097.jpg,270.0,255.0,63.0,63.0,T
img3097.jpg,314.0,163.0,49.0,49.0,T
img3097.jpg,529.0,205.0,41.0,41.0,T
img3097.jpg,624.0,249.0,72.0,72.0,T
img3097.jpg,670.0,292.0,86.0,86.0,T
img3097.jpg,758.0,355.0,103.0,103.0,T
img3140.jpg,187.0,331.0,55.0,55.0,T
img3140.jpg,262.0,280.0,61.0,61.0,T
img3140.jpg,290.0,231.0,46.0,46.0,T
img3140.jpg,328.0,285.0,51.0,51.0,T
img3140.jpg,376.0,258.0,47.0,47.0,T
img3140.jpg,425.0,266.0,54.0,54.0,T
img3140.jpg,426.0,339.0,54.0,54.0,T
img3140.jpg,492.0,284.0,59.0,59.0,T
img3140.jpg,578.0,302.0,60.0,60.0,T
img3140.jpg,579.0,209.0,50.0,50.0,T
img3140.jpg,642.0,287.0,44.0,44.0,T
img3140.jpg,691.0,257.0,43.0,43.0,T
img3140.jpg,711.0,324.0,59.0,59.0,T
img3140.jpg,807.0,243.0,23.0,23.0,F
img3174.jpg,187.0,331.0,55.0,55.0,T
img3174.jpg,262.0,280.0,61.0,61.0,T
img3174.jpg,290.0,231.0,46.0,46.0,T
img3174.jpg,328.0,285.0,51.0,51.0,T
img3174.jpg,376.0,258.0,47.0,47.0,T
img3174.jpg,425.0,266.0,54.0,54.0,T
img3174.jpg,426.0,339.0,54.0,54.0,T
img3174.jpg,492.0,284.0,59.0,59.0,T
img3174.jpg,578.0,302.0,60.0,60.0,T
img3174.jpg,579.0,209.0,50.0,50.0,T
img3174.jpg,642.0,287.0,44.0,44.0,T
img3174.jpg,691.0,257.0,43.0,43.0,T
img3174.jpg,711.0,324.0,59.0,59.0,T
img3174.jpg,807.0,243.0,23.0,23.0,F
img3181.jpg,188.0,536.0,59.0,59.0,N
img3181.jpg,262.0,338.0,58.0,58.0,T
img3181.jpg,314.0,238.0,45.0,45.0,T
img3181.jpg,354.0,200.0,38.0,38.0,F
img3181.jpg,371.0,272.0,63.0,63.0,T
img3181.jpg,448.0,226.0,62.0,62.0,T
img3181.jpg,530.0,185.0,43.0,43.0,T
img3181.jpg,574.0,216.0,56.0,56.0,T
img3181.jpg,703.0,205.0,54.0,54.0,T
img3181.jpg,808.0,167.0,69.0,69.0,T
img3284.jpg,152.0,81.0,67.0,67.0,T
img3284.jpg,231.0,58.0,95.0,95.0,T
img3284.jpg,338.0,111.0,72.0,72.0,T
img3284.jpg,479.0,317.0,101.0,101.0,T
img3284.jpg,544.0,240.0,50.0,50.0,F
img3284.jpg,598.0,259.0,53.0,53.0,T
img3284.jpg,641.0,241.0,62.0,62.0,T
img3291.jpg,57.0,107.0,24.0,24.0,F
img3291.jpg,458.0,428.0,96.0,96.0,T
img3291.jpg,559.0,110.0,26.0,26.0,F
img3291.jpg,608.0,169.0,32.0,32.0,T
img3291.jpg,809.0,138.0,24.0,24.0,F
img3297.jpg,118.0,209.0,24.0,24.0,F
img3297.jpg,127.0,282.0,30.0,30.0,F
img3297.jpg,318.0,353.0,32.0,32.0,T
img3297.jpg,322.0,80.0,64.0,64.0,N
img3297.jpg,339.0,226.0,25.0,25.0,T
img3297.jpg,365.0,304.0,28.0,28.0,T
img3297.jpg,389.0,326.0,29.0,29.0,T
img3297.jpg,411.0,260.0,26.0,26.0,T
img3297.jpg,450.0,283.0,30.0,30.0,T
img3297.jpg,494.0,330.0,26.0,26.0,T
img3297.jpg,500.0,76.0,64.0,64.0,N
img3297.jpg,501.0,286.0,25.0,25.0,T
img3297.jpg,522.0,343.0,36.0,36.0,T
img3297.jpg,546.0,290.0,25.0,25.0,T
img3297.jpg,551.0,233.0,25.0,25.0,T
img3297.jpg,602.0,252.0,27.0,27.0,T
img3297.jpg,606.0,312.0,28.0,28.0,T
img3308.jpg,354.0,334.0,60.0,60.0,T
img3308.jpg,416.0,400.0,45.0,45.0,N
img3308.jpg,469.0,359.0,70.0,70.0,T
img3308.jpg,539.0,267.0,69.0,69.0,T
img3308.jpg,547.0,466.0,42.0,42.0,N
img3308.jpg,665.0,277.0,76.0,76.0,T
img3308.jpg,739.0,224.0,43.0,43.0,N
img3308.jpg,861.0,296.0,27.0,27.0,F
img3319.jpg,156.0,55.0,56.0,56.0,T
img3319.jpg,215.0,199.0,59.0,59.0,N
img3319.jpg,242.0,87.0,57.0,57.0,T
img3319.jpg,367.0,320.0,50.0,50.0,T
img3319.jpg,466.0,248.0,40.0,40.0,T
img3319.jpg,628.0,352.0,70.0,70.0,T
img3319.jpg,664.0,223.0,29.0,29.0,T
img3319.jpg,711.0,222.0,24.0,24.0,T
img3319.jpg,769.0,286.0,54.0,54.0,T
img3319.jpg,801.0,352.0,63.0,63.0,T
img3319.jpg,833.0,239.0,33.0,33.0,T
img334.jpg,130.0,292.0,75.0,75.0,T
img334.jpg,230.0,387.0,61.0,61.0,T
img334.jpg,387.0,326.0,70.0,70.0,T
img334.jpg,506.0,388.0,52.0,52.0,T
img334.jpg,581.0,345.0,55.0,55.0,T
img334.jpg,660.0,377.0,50.0,50.0,T
img334.jpg,777.0,318.0,23.0,23.0,F
img334.jpg,885.0,324.0,39.0,39.0,F
img334.jpg,907.0,61.0,44.0,44.0,N
img345.jpg,13.0,177.0,114.0,114.0,T
img345.jpg,289.0,145.0,71.0,71.0,T
img345.jpg,393.0,225.0,94.0,94.0,T
img345.jpg,473.0,142.0,91.0,91.0,T
img345.jpg,657.0,72.0,89.0,89.0,T
img345.jpg,685.0,249.0,45.0,45.0,N
img345.jpg,861.0,166.0,48.0,48.0,F
img387.jpg,35.0,168.0,23.0,23.0,T
img387.jpg,234.0,239.0,22.0,22.0,T
img387.jpg,249.0,184.0,23.0,23.0,T
img387.jpg,259.0,162.0,22.0,22.0,T
img387.jpg,263.0,239.0,24.0,24.0,T
img387.jpg,304.0,218.0,25.0,25.0,T
img387.jpg,313.0,275.0,23.0,23.0,T
img387.jpg,338.0,168.0,23.0,23.0,T
img387.jpg,344.0,535.0,29.0,29.0,T
img387.jpg,352.0,290.0,23.0,23.0,T
img387.jpg,373.0,200.0,43.0,43.0,T
img387.jpg,382.0,193.0,23.0,23.0,T
img387.jpg,428.0,295.0,23.0,23.0,T
img387.jpg,436.0,203.0,23.0,23.0,T
img387.jpg,458.0,249.0,24.0,24.0,T
img387.jpg,490.0,212.0,24.0,24.0,T
img387.jpg,519.0,393.0,25.0,25.0,T
img387.jpg,556.0,283.0,23.0,23.0,T
img387.jpg,560.0,335.0,25.0,25.0,T
img387.jpg,584.0,201.0,21.0,21.0,F
img387.jpg,624.0,419.0,27.0,27.0,T
img387.jpg,680.0,351.0,22.0,22.0,T
img387.jpg,732.0,443.0,24.0,24.0,T
img387.jpg,752.0,457.0,28.0,28.0,T
img4670.jpg,77.0,495.0,79.0,79.0,N
img4670.jpg,112.0,350.0,63.0,63.0,T
img4670.jpg,207.0,339.0,63.0,63.0,T
img4670.jpg,314.0,285.0,52.0,52.0,T
img4670.jpg,358.0,328.0,58.0,58.0,T
img4670.jpg,403.0,367.0,71.0,71.0,T
img4670.jpg,494.0,309.0,61.0,61.0,T
img4670.jpg,611.0,346.0,72.0,72.0,T
img4670.jpg,732.0,296.0,72.0,72.0,T
img4670.jpg,889.0,325.0,46.0,46.0,F
img4726.jpg,82.0,570.0,76.0,76.0,N
img4726.jpg,239.0,430.0,57.0,57.0,F
img4726.jpg,374.0,289.0,34.0,34.0,T
img4726.jpg,463.0,266.0,43.0,43.0,T
img4726.jpg,598.0,279.0,42.0,42.0,T
img4726.jpg,746.0,261.0,47.0,47.0,T
img4967.jpg,157.0,185.0,24.0,24.0,F
img4967.jpg,376.0,251.0,143.0,143.0,T
img4967.jpg,476.0,93.0,88.0,88.0,T
img4967.jpg,618.0,216.0,47.0,47.0,T
img4967.jpg,761.0,45.0,122.0,122.0,T
img4985.jpg,214.0,124.0,54.0,54.0,T
img4985.jpg,261.0,384.0,93.0,93.0,T
img4985.jpg,281.0,203.0,55.0,55.0,T
img4985.jpg,346.0,184.0,52.0,52.0,T
img4985.jpg,412.0,115.0,48.0,48.0,T
img4985.jpg,433.0,324.0,80.0,80.0,T
img4985.jpg,468.0,70.0,46.0,46.0,T
img4985.jpg,535.0,171.0,62.0,62.0,T
img4985.jpg,556.0,100.0,52.0,52.0,T
img4985.jpg,791.0,453.0,68.0,68.0,N
img4985.jpg,877.0,87.0,24.0,24.0,F
img4989.jpg,62.0,206.0,38.0,38.0,F
img4989.jpg,282.0,215.0,162.0,162.0,T
img4989.jpg,355.0,18.0,130.0,130.0,T
img4989.jpg,452.0,204.0,157.0,157.0,T
img4989.jpg,576.0,74.0,122.0,122.0,T
img4989.jpg,758.0,177.0,30.0,30.0,F
img4990.jpg,79.0,307.0,44.0,44.0,F
img4990.jpg,210.0,538.0,60.0,60.0,N
img4990.jpg,248.0,307.0,183.0,183.0,T
img4990.jpg,346.0,111.0,141.0,141.0,T
img4990.jpg,502.0,110.0,88.0,88.0,T
img4990.jpg,513.0,287.0,145.0,145.0,T
img4990.jpg,641.0,132.0,121.0,121.0,T
img4991.jpg,7.0,219.0,45.0,45.0,F
img4991.jpg,51.0,95.0,184.0,184.0,T
img4991.jpg,319.0,36.0,134.0,134.0,T
img4991.jpg,325.0,226.0,160.0,160.0,T
img4991.jpg,478.0,225.0,150.0,150.0,T
img4991.jpg,526.0,79.0,93.0,93.0,T
img4991.jpg,690.0,64.0,142.0,142.0,T
img5017.jpg,3.0,147.0,41.0,41.0,F
img5017.jpg,40.0,126.0,27.0,27.0,F
img5017.jpg,127.0,130.0,34.0,34.0,F
img5017.jpg,290.0,105.0,55.0,55.0,T
img5017.jpg,374.0,140.0,54.0,54.0,T
img5017.jpg,462.0,129.0,57.0,57.0,T
img5017.jpg,463.0,278.0,43.0,43.0,N
img5017.jpg,536.0,296.0,47.0,47.0,N
img5017.jpg,562.0,161.0,51.0,51.0,T
img5017.jpg,633.0,196.0,57.0,57.0,T
img5017.jpg,718.0,112.0,67.0,67.0,T
img5017.jpg,788.0,116.0,35.0,35.0,F
img5017.jpg,886.0,116.0,46.0,46.0,F
img5021.jpg,148.0,134.0,101.0,101.0,T
img5021.jpg,351.0,87.0,88.0,88.0,T
img5021.jpg,496.0,90.0,82.0,82.0,T
img5021.jpg,644.0,112.0,36.0,36.0,F
img5021.jpg,657.0,90.0,98.0,98.0,T
img5021.jpg,830.0,116.0,39.0,39.0,F
img5021.jpg,880.0,78.0,53.0,53.0,F
img5022.jpg,178.0,121.0,97.0,97.0,T
img5022.jpg,343.0,101.0,35.0,35.0,F
img5022.jpg,382.0,77.0,84.0,84.0,T
img5022.jpg,532.0,232.0,91.0,91.0,N
img5022.jpg,550.0,102.0,69.0,69.0,T
img5022.jpg,714.0,61.0,91.0,91.0,T
img5026.jpg,297.0,450.0,83.0,83.0,N
img5026.jpg,326.0,243.0,140.0,140.0,T
img5026.jpg,394.0,137.0,93.0,93.0,T
img5026.jpg,530.0,71.0,26.0,26.0,F
img5026.jpg,530.0,228.0,105.0,105.0,T
img5026.jpg,635.0,480.0,39.0,39.0,N
img5026.jpg,679.0,295.0,131.0,131.0,T
img5026.jpg,716.0,3.0,46.0,46.0,F
img5026.jpg,868.0,204.0,30.0,30.0,N
img5034.jpg,80.0,107.0,27.0,27.0,F
img5034.jpg,235.0,89.0,27.0,27.0,F
img5034.jpg,331.0,120.0,62.0,62.0,T
img5034.jpg,429.0,119.0,69.0,69.0,T
img5034.jpg,544.0,64.0,64.0,64.0,T
img5034.jpg,620.0,273.0,44.0,44.0,N
img5034.jpg,687.0,103.0,70.0,70.0,T
img5034.jpg,728.0,399.0,67.0,67.0,N
img5034.jpg,890.0,103.0,44.0,44.0,F
img5036.jpg,95.0,136.0,28.0,28.0,F
img5036.jpg,220.0,229.0,52.0,52.0,T
img5036.jpg,303.0,197.0,49.0,49.0,T
img5036.jpg,326.0,122.0,23.0,23.0,F
img5036.jpg,399.0,207.0,58.0,58.0,T
img5036.jpg,498.0,158.0,60.0,60.0,T
img5036.jpg,601.0,133.0,64.0,64.0,T
img5036.jpg,751.0,142.0,60.0,60.0,T
img5037.jpg,110.0,171.0,51.0,51.0,T
img5037.jpg,193.0,146.0,45.0,45.0,T
img5037.jpg,256.0,125.0,22.0,22.0,F
img5037.jpg,317.0,132.0,49.0,49.0,T
img5037.jpg,376.0,386.0,64.0,64.0,N
img5037.jpg,447.0,126.0,53.0,53.0,T
img5037.jpg,550.0,106.0,55.0,55.0,T
img5037.jpg,561.0,476.0,50.0,50.0,N
img5037.jpg,714.0,498.0,51.0,51.0,N
img5037.jpg,727.0,140.0,59.0,59.0,T
img5048.jpg,1.0,174.0,25.0,25.0,F
img5048.jpg,285.0,163.0,53.0,53.0,T
img5048.jpg,393.0,161.0,55.0,55.0,T
img5048.jpg,492.0,164.0,51.0,51.0,T
img5048.jpg,571.0,219.0,49.0,49.0,T
img5048.jpg,622.0,189.0,30.0,30.0,F
img5048.jpg,748.0,202.0,33.0,33.0,F
img5048.jpg,778.0,260.0,88.0,88.0,N
img5048.jpg,843.0,174.0,52.0,52.0,F
img5050.jpg,49.0,124.0,45.0,45.0,F
img5050.jpg,294.0,104.0,62.0,62.0,T
img5050.jpg,396.0,90.0,60.0,60.0,T
img5050.jpg,510.0,100.0,56.0,56.0,T
img5050.jpg,613.0,161.0,53.0,53.0,T
img5050.jpg,706.0,160.0,50.0,50.0,N
img5051.jpg,141.0,258.0,89.0,89.0,T
img5051.jpg,158.0,663.0,27.0,27.0,N
img5051.jpg,231.0,179.0,76.0,76.0,T
img5051.jpg,301.0,215.0,60.0,60.0,T
img5051.jpg,352.0,540.0,46.0,46.0,N
img5051.jpg,360.0,180.0,54.0,54.0,T
img5051.jpg,418.0,242.0,63.0,63.0,T
img5051.jpg,468.0,169.0,53.0,53.0,T
img5051.jpg,516.0,220.0,53.0,53.0,T
img5051.jpg,580.0,221.0,59.0,59.0,T
img5051.jpg,638.0,180.0,60.0,60.0,T
img5051.jpg,721.0,182.0,71.0,71.0,T
img5051.jpg,831.0,210.0,25.0,25.0,F
img5077.jpg,246.0,90.0,56.0,56.0,F
img5077.jpg,360.0,40.0,47.0,47.0,F
img5077.jpg,386.0,453.0,104.0,104.0,T
img5077.jpg,440.0,35.0,39.0,39.0,T
img5077.jpg,440.0,310.0,70.0,70.0,T
img5077.jpg,469.0,33.0,46.0,46.0,F
img5077.jpg,483.0,415.0,91.0,91.0,T
img5077.jpg,514.0,153.0,49.0,49.0,T
img5077.jpg,558.0,102.0,54.0,54.0,T
img5077.jpg,580.0,427.0,65.0,65.0,T
img5077.jpg,621.0,90.0,85.0,85.0,T
img5077.jpg,626.0,320.0,63.0,63.0,T
img5077.jpg,678.0,29.0,65.0,65.0,T
img5077.jpg,806.0,107.0,69.0,69.0,T
img5078.jpg,215.0,261.0,86.0,86.0,T
img5078.jpg,272.0,87.0,43.0,43.0,T
img5078.jpg,279.0,139.0,58.0,58.0,T
img5078.jpg,348.0,84.0,49.0,49.0,T
img5078.jpg,357.0,344.0,86.0,86.0,T
img5078.jpg,366.0,211.0,68.0,68.0,T
img5078.jpg,423.0,86.0,41.0,41.0,T
img5078.jpg,430.0,206.0,50.0,50.0,T
img5078.jpg,438.0,282.0,76.0,76.0,T
img5078.jpg,463.0,434.0,88.0,88.0,T
img5078.jpg,487.0,138.0,52.0,52.0,T
img5078.jpg,501.0,285.0,54.0,54.0,T
img5078.jpg,544.0,123.0,67.0,67.0,T
img5078.jpg,568.0,358.0,62.0,62.0,T
img5078.jpg,613.0,108.0,56.0,56.0,T
img5078.jpg,646.0,420.0,43.0,43.0,N
img5078.jpg,827.0,412.0,47.0,47.0,N
img5078.jpg,857.0,80.0,46.0,46.0,F
img5081.jpg,76.0,115.0,71.0,71.0,T
img5081.jpg,241.0,128.0,106.0,106.0,T
img5081.jpg,359.0,74.0,54.0,54.0,T
img5081.jpg,423.0,441.0,96.0,96.0,T
img5081.jpg,468.0,182.0,56.0,56.0,T
img5081.jpg,590.0,146.0,53.0,53.0,T
img5081.jpg,594.0,218.0,108.0,108.0,T
img5081.jpg,641.0,73.0,43.0,43.0,T
img5081.jpg,746.0,210.0,143.0,143.0,T
img5081.jpg,828.0,117.0,68.0,68.0,T
img5089.jpg,14.0,253.0,28.0,28.0,F
img5089.jpg,98.0,267.0,23.0,23.0,F
img5089.jpg,249.0,279.0,62.0,62.0,T
img5089.jpg,259.0,178.0,41.0,41.0,T
img5089.jpg,293.0,133.0,41.0,41.0,T
img5089.jpg,346.0,252.0,45.0,45.0,T
img5089.jpg,359.0,193.0,42.0,42.0,T
img5089.jpg,382.0,157.0,28.0,28.0,T
img5089.jpg,399.0,250.0,55.0,55.0,T
img5089.jpg,409.0,147.0,30.0,30.0,T
img5089.jpg,422.0,163.0,32.0,32.0,T
img5089.jpg,453.0,590.0,54.0,54.0,N
img5089.jpg,454.0,187.0,46.0,46.0,T
img5089.jpg,473.0,273.0,49.0,49.0,T
img5089.jpg,524.0,120.0,38.0,38.0,T
img5089.jpg,553.0,207.0,50.0,50.0,T
img5089.jpg,575.0,166.0,26.0,26.0,T
img5089.jpg,599.0,185.0,47.0,47.0,T
img5089.jpg,646.0,166.0,40.0,40.0,T
img5089.jpg,652.0,205.0,49.0,49.0,T
img5117.jpg,5.0,280.0,26.0,26.0,F
img5117.jpg,95.0,336.0,70.0,70.0,T
img5117.jpg,103.0,172.0,55.0,55.0,N
img5117.jpg,130.0,247.0,59.0,59.0,T
img5117.jpg,260.0,528.0,79.0,79.0,T
img5117.jpg,350.0,318.0,71.0,71.0,T
img5117.jpg,433.0,251.0,58.0,58.0,T
img5117.jpg,456.0,550.0,71.0,71.0,T
img5117.jpg,477.0,363.0,52.0,52.0,T
img5117.jpg,537.0,295.0,70.0,70.0,T
img5117.jpg,649.0,338.0,79.0,79.0,T
img5117.jpg,740.0,188.0,47.0,47.0,N
img5117.jpg,741.0,292.0,65.0,65.0,T
img5117.jpg,768.0,407.0,118.0,118.0,T
img5394.JPG,220.0,303.0,92.0,92.0,T
img5394.JPG,346.0,325.0,87.0,87.0,T
img5394.JPG,480.0,301.0,100.0,100.0,T
img5394.JPG,632.0,277.0,106.0,106.0,T
img5394.JPG,840.0,392.0,25.0,25.0,F
img5395.JPG,104.0,340.0,67.0,67.0,F
img5395.JPG,203.0,533.0,54.0,54.0,N
img5395.JPG,217.0,303.0,92.0,92.0,T
img5395.JPG,346.0,325.0,88.0,88.0,T
img5395.JPG,481.0,300.0,100.0,100.0,T
img5395.JPG,629.0,275.0,108.0,108.0,T
img5395.JPG,831.0,391.0,24.0,24.0,F
img5398.JPG,194.0,243.0,53.0,53.0,T
img5398.JPG,262.0,222.0,49.0,49.0,T
img5398.JPG,338.0,264.0,55.0,55.0,T
img5398.JPG,351.0,208.0,47.0,47.0,T
img5398.JPG,410.0,227.0,51.0,51.0,T
img5398.JPG,461.0,201.0,53.0,53.0,T
img5398.JPG,511.0,223.0,54.0,54.0,T
img5398.JPG,576.0,196.0,49.0,49.0,T
img5398.JPG,602.0,253.0,51.0,51.0,T
img5398.JPG,696.0,258.0,58.0,58.0,T
img5398.JPG,817.0,191.0,25.0,25.0,F
img5398.JPG,849.0,207.0,35.0,35.0,F
img5399.JPG,203.0,243.0,49.0,49.0,T
img5399.JPG,268.0,224.0,50.0,50.0,T
img5399.JPG,343.0,264.0,55.0,55.0,T
img5399.JPG,357.0,206.0,49.0,49.0,T
img5399.JPG,415.0,227.0,52.0,52.0,T
img5399.JPG,466.0,201.0,53.0,53.0,T
img5399.JPG,515.0,222.0,55.0,55.0,T
img5399.JPG,580.0,195.0,51.0,51.0,T
img5399.JPG,608.0,254.0,50.0,50.0,T
img5399.JPG,705.0,255.0,57.0,57.0,T
img5399.JPG,857.0,207.0,32.0,32.0,F
img5400.JPG,103.0,225.0,56.0,56.0,T
img5400.JPG,212.0,250.0,50.0,50.0,T
img5400.JPG,282.0,243.0,52.0,52.0,T
img5400.JPG,329.0,269.0,53.0,53.0,T
img5400.JPG,400.0,236.0,51.0,51.0,T
img5400.JPG,462.0,236.0,53.0,53.0,T
img5400.JPG,518.0,243.0,54.0,54.0,T
img5400.JPG,593.0,209.0,45.0,45.0,T
img5400.JPG,744.0,262.0,62.0,62.0,T
img5400.JPG,827.0,198.0,26.0,26.0,F
img5401.JPG,106.0,225.0,55.0,55.0,T
img5401.JPG,209.0,244.0,51.0,51.0,T
img5401.JPG,283.0,240.0,51.0,51.0,T
img5401.JPG,329.0,266.0,54.0,54.0,T
img5401.JPG,338.0,651.0,42.0,42.0,N
img5401.JPG,398.0,231.0,51.0,51.0,T
img5401.JPG,463.0,216.0,53.0,53.0,T
img5401.JPG,526.0,243.0,52.0,52.0,T
img5401.JPG,576.0,207.0,46.0,46.0,T
img5401.JPG,596.0,251.0,51.0,51.0,T
img5401.JPG,672.0,573.0,57.0,57.0,N
img5401.JPG,744.0,257.0,61.0,61.0,T
img5401.JPG,825.0,195.0,26.0,26.0,F
img5422.JPG,53.0,278.0,23.0,23.0,F
img5422.JPG,128.0,294.0,30.0,30.0,T
img5422.JPG,197.0,271.0,35.0,35.0,T
img5422.JPG,214.0,391.0,39.0,39.0,T
img5422.JPG,233.0,270.0,30.0,30.0,T
img5422.JPG,281.0,278.0,33.0,33.0,T
img5422.JPG,285.0,390.0,37.0,37.0,T
img5422.JPG,300.0,250.0,28.0,28.0,T
img5422.JPG,333.0,290.0,30.0,30.0,T
img5422.JPG,357.0,332.0,35.0,35.0,T
img5422.JPG,359.0,278.0,29.0,29.0,T
img5422.JPG,375.0,404.0,42.0,42.0,T
img5422.JPG,388.0,304.0,36.0,36.0,T
img5422.JPG,402.0,254.0,29.0,29.0,T
img5422.JPG,435.0,365.0,39.0,39.0,T
img5422.JPG,459.0,244.0,34.0,34.0,T
img5422.JPG,484.0,400.0,39.0,39.0,T
img5422.JPG,485.0,274.0,33.0,33.0,T
img5422.JPG,527.0,248.0,33.0,33.0,T
img5422.JPG,531.0,310.0,39.0,39.0,T
img5422.JPG,560.0,273.0,35.0,35.0,T
img5422.JPG,575.0,419.0,37.0,37.0,T
img5422.JPG,585.0,307.0,36.0,36.0,T
img5422.JPG,605.0,267.0,32.0,32.0,T
img5422.JPG,641.0,279.0,31.0,31.0,T
img5422.JPG,709.0,270.0,30.0,30.0,T
img5423.JPG,66.0,274.0,23.0,23.0,F
img5423.JPG,148.0,290.0,30.0,30.0,T
img5423.JPG,207.0,266.0,38.0,38.0,T
img5423.JPG,222.0,392.0,42.0,42.0,T
img5423.JPG,249.0,269.0,30.0,30.0,T
img5423.JPG,295.0,276.0,36.0,36.0,T
img5423.JPG,299.0,392.0,40.0,40.0,T
img5423.JPG,319.0,248.0,29.0,29.0,T
img5423.JPG,352.0,288.0,31.0,31.0,T
img5423.JPG,377.0,275.0,33.0,33.0,T
img5423.JPG,380.0,330.0,37.0,37.0,T
img5423.JPG,392.0,410.0,45.0,45.0,T
img5423.JPG,405.0,303.0,38.0,38.0,T
img5423.JPG,416.0,249.0,29.0,29.0,T
img5423.JPG,446.0,273.0,34.0,34.0,T
img5423.JPG,457.0,368.0,43.0,43.0,T
img5423.JPG,482.0,239.0,38.0,38.0,T
img5423.JPG,508.0,408.0,41.0,41.0,T
img5423.JPG,509.0,272.0,38.0,38.0,T
img5423.JPG,556.0,248.0,37.0,37.0,T
img5423.JPG,556.0,311.0,42.0,42.0,T
img5423.JPG,594.0,272.0,37.0,37.0,T
img5423.JPG,603.0,431.0,39.0,39.0,T
img5423.JPG,619.0,309.0,39.0,39.0,T
img5423.JPG,630.0,543.0,50.0,50.0,N
img5423.JPG,638.0,261.0,38.0,38.0,T
img5423.JPG,700.0,263.0,44.0,44.0,T
img5423.JPG,742.0,272.0,33.0,33.0,T
img5424.JPG,125.0,190.0,106.0,106.0,T
img5424.JPG,233.0,235.0,114.0,114.0,T
img5424.JPG,252.0,140.0,87.0,87.0,T
img5424.JPG,334.0,243.0,90.0,90.0,T
img5424.JPG,353.0,483.0,107.0,107.0,T
img5424.JPG,416.0,282.0,37.0,37.0,F
img5424.JPG,444.0,267.0,83.0,83.0,T
img5424.JPG,543.0,219.0,71.0,71.0,T
img5424.JPG,593.0,332.0,78.0,78.0,T
img5430.JPG,74.0,149.0,113.0,113.0,T
img5430.JPG,187.0,195.0,118.0,118.0,T
img5430.JPG,241.0,113.0,88.0,88.0,T
img5430.JPG,302.0,218.0,88.0,88.0,T
img5430.JPG,319.0,436.0,106.0,106.0,T
img5430.JPG,397.0,149.0,72.0,72.0,T
img5430.JPG,402.0,242.0,85.0,85.0,T
img5430.JPG,490.0,199.0,75.0,75.0,T
img5430.JPG,547.0,310.0,79.0,79.0,T
img5430.JPG,554.0,229.0,52.0,52.0,T
img5430.JPG,597.0,227.0,68.0,68.0,T
img5430.JPG,675.0,222.0,105.0,105.0,T
img5430.JPG,905.0,240.0,38.0,38.0,F
img5431.JPG,74.0,142.0,113.0,113.0,T
img5431.JPG,191.0,183.0,124.0,124.0,T
img5431.JPG,246.0,107.0,88.0,88.0,T
img5431.JPG,306.0,212.0,89.0,89.0,T
img5431.JPG,320.0,426.0,106.0,106.0,T
img5431.JPG,404.0,238.0,83.0,83.0,T
img5431.JPG,406.0,153.0,74.0,74.0,T
img5431.JPG,495.0,192.0,76.0,76.0,T
img5431.JPG,549.0,303.0,79.0,79.0,T
img5431.JPG,556.0,221.0,50.0,50.0,T
img5431.JPG,596.0,222.0,70.0,70.0,T
img5431.JPG,683.0,217.0,98.0,98.0,T
img5431.JPG,904.0,229.0,42.0,42.0,F
img5456.JPG,27.0,213.0,80.0,80.0,T
img5456.JPG,278.0,254.0,90.0,90.0,T
img5456.JPG,394.0,506.0,98.0,98.0,T
img5456.JPG,399.0,227.0,89.0,89.0,T
img5456.JPG,547.0,310.0,70.0,70.0,T
img5456.JPG,564.0,193.0,76.0,76.0,T
img5456.JPG,568.0,536.0,87.0,87.0,T
img5456.JPG,703.0,328.0,78.0,78.0,T
img5467.JPG,102.0,505.0,125.0,125.0,N
img5467.JPG,215.0,267.0,44.0,44.0,T
img5467.JPG,262.0,360.0,40.0,40.0,T
img5467.JPG,389.0,264.0,42.0,42.0,T
img5467.JPG,393.0,362.0,39.0,39.0,T
img5467.JPG,477.0,259.0,39.0,39.0,T
img5467.JPG,564.0,262.0,42.0,42.0,T
img5467.JPG,711.0,260.0,40.0,40.0,F
img5473.JPG,66.0,277.0,24.0,24.0,N
img5473.JPG,85.0,351.0,48.0,48.0,N
img5473.JPG,174.0,473.0,127.0,127.0,T
img5473.JPG,236.0,354.0,96.0,96.0,T
img5473.JPG,367.0,231.0,84.0,84.0,T
img5473.JPG,451.0,367.0,108.0,108.0,T
img5473.JPG,562.0,267.0,81.0,81.0,T
img5473.JPG,831.0,283.0,73.0,73.0,T
img5542.JPG,192.0,218.0,89.0,89.0,T
img5542.JPG,293.0,139.0,87.0,87.0,T
img5542.JPG,416.0,171.0,22.0,22.0,F
img5542.JPG,464.0,126.0,76.0,76.0,T
img5542.JPG,608.0,541.0,61.0,61.0,N
img5542.JPG,631.0,123.0,70.0,70.0,T
img5543.JPG,161.0,186.0,129.0,129.0,T
img5543.JPG,306.0,185.0,95.0,95.0,T
img5543.JPG,413.0,198.0,79.0,79.0,T
img5543.JPG,479.0,258.0,76.0,76.0,T
img5543.JPG,562.0,188.0,76.0,76.0,T
img5543.JPG,695.0,289.0,24.0,24.0,F
img5543.JPG,728.0,222.0,86.0,86.0,T
img5543.JPG,903.0,304.0,22.0,22.0,F
img5548.JPG,171.0,279.0,23.0,23.0,F
img5548.JPG,185.0,496.0,74.0,74.0,T
img5548.JPG,267.0,260.0,52.0,52.0,T
img5548.JPG,353.0,296.0,40.0,40.0,T
img5548.JPG,380.0,562.0,70.0,70.0,T
img5548.JPG,382.0,402.0,59.0,59.0,T
img5548.JPG,391.0,245.0,46.0,46.0,T
img5548.JPG,420.0,335.0,47.0,47.0,T
img5548.JPG,442.0,258.0,47.0,47.0,T
img5548.JPG,469.0,477.0,61.0,61.0,T
img5548.JPG,492.0,300.0,53.0,53.0,T
img5548.JPG,511.0,232.0,46.0,46.0,T
img5548.JPG,562.0,268.0,48.0,48.0,T
img5548.JPG,711.0,322.0,74.0,74.0,T
img5548.JPG,747.0,126.0,50.0,50.0,N
img5554.JPG,41.0,272.0,40.0,40.0,F
img5554.JPG,148.0,220.0,75.0,75.0,T
img5554.JPG,225.0,249.0,45.0,45.0,F
img5554.JPG,334.0,223.0,73.0,73.0,T
img5554.JPG,483.0,247.0,74.0,74.0,T
img5554.JPG,634.0,221.0,92.0,92.0,T
img5554.JPG,770.0,273.0,32.0,32.0,F
img5620.jpg,193.0,68.0,73.0,73.0,T
img5620.jpg,293.0,77.0,58.0,58.0,T
img5620.jpg,439.0,47.0,53.0,53.0,T
img5620.jpg,514.0,268.0,56.0,56.0,N
img5620.jpg,593.0,526.0,90.0,90.0,N
img5620.jpg,654.0,69.0,63.0,63.0,T
img5620.jpg,777.0,59.0,72.0,72.0,T
img5620.jpg,851.0,43.0,51.0,51.0,F
img5726.jpg,200.0,176.0,50.0,50.0,T
img5726.jpg,252.0,176.0,46.0,46.0,T
img5726.jpg,317.0,354.0,45.0,45.0,T
img5726.jpg,393.0,410.0,56.0,56.0,T
img5726.jpg,478.0,153.0,42.0,42.0,T
img5726.jpg,597.0,182.0,56.0,56.0,T
img5726.jpg,843.0,190.0,38.0,38.0,F
img5726.jpg,859.0,228.0,53.0,53.0,N
img5729.jpg,23.0,119.0,32.0,32.0,F
img5729.jpg,176.0,240.0,78.0,78.0,T
img5729.jpg,291.0,188.0,53.0,53.0,T
img5729.jpg,335.0,110.0,43.0,43.0,N
img5729.jpg,376.0,156.0,63.0,63.0,T
img5729.jpg,542.0,36.0,73.0,73.0,T
img5729.jpg,667.0,106.0,77.0,77.0,T
img5729.jpg,883.0,58.0,41.0,41.0,F
img5750.jpg,129.0,125.0,75.0,75.0,T
img5750.jpg,134.0,268.0,82.0,82.0,T
img5750.jpg,250.0,183.0,66.0,66.0,T
img5750.jpg,308.0,288.0,76.0,76.0,T
img5750.jpg,320.0,138.0,56.0,56.0,T
img5750.jpg,337.0,403.0,84.0,84.0,T
img5750.jpg,361.0,201.0,63.0,63.0,T
img5750.jpg,380.0,135.0,48.0,48.0,T
img5750.jpg,421.0,217.0,60.0,60.0,T
img5750.jpg,509.0,306.0,89.0,89.0,T
img5750.jpg,569.0,637.0,61.0,61.0,N
img5750.jpg,607.0,189.0,67.0,67.0,T
img5750.jpg,674.0,135.0,30.0,30.0,N
img5750.jpg,677.0,158.0,22.0,22.0,N
img5750.jpg,798.0,188.0,69.0,69.0,T
img5750.jpg,870.0,195.0,27.0,27.0,F
img5750.jpg,934.0,181.0,25.0,25.0,F
img7.jpg,28.0,191.0,44.0,44.0,F
img7.jpg,142.0,110.0,80.0,80.0,T
img7.jpg,264.0,653.0,45.0,45.0,N
img7.jpg,268.0,499.0,43.0,43.0,N
img7.jpg,300.0,176.0,69.0,69.0,T
img7.jpg,444.0,97.0,78.0,78.0,T
img7.jpg,568.0,176.0,75.0,75.0,T
img7.jpg,611.0,94.0,68.0,68.0,T
img7.jpg,651.0,143.0,92.0,92.0,T
img7.jpg,756.0,111.0,98.0,98.0,T
img744.jpg,77.0,243.0,74.0,74.0,T
img744.jpg,147.0,187.0,38.0,38.0,F
img744.jpg,178.0,172.0,51.0,51.0,T
img744.jpg,232.0,239.0,68.0,68.0,T
img744.jpg,319.0,225.0,61.0,61.0,T
img744.jpg,418.0,184.0,88.0,88.0,T
img744.jpg,442.0,441.0,62.0,62.0,N
img744.jpg,560.0,212.0,96.0,96.0,T
img744.jpg,581.0,108.0,59.0,59.0,T
img744.jpg,727.0,44.0,77.0,77.0,T
img744.jpg,790.0,104.0,91.0,91.0,T
img774.jpg,190.0,289.0,65.0,65.0,T
img774.jpg,235.0,487.0,67.0,67.0,T
img774.jpg,260.0,322.0,54.0,54.0,T
img774.jpg,282.0,240.0,52.0,52.0,T
img774.jpg,328.0,438.0,48.0,48.0,T
img774.jpg,346.0,257.0,50.0,50.0,T
img774.jpg,362.0,336.0,50.0,50.0,T
img774.jpg,417.0,304.0,52.0,52.0,T
img774.jpg,418.0,481.0,55.0,55.0,T
img774.jpg,454.0,350.0,54.0,54.0,T
img774.jpg,467.0,262.0,47.0,47.0,T
img774.jpg,500.0,507.0,58.0,58.0,T
img774.jpg,502.0,279.0,47.0,47.0,T
img774.jpg,546.0,370.0,54.0,54.0,T
img774.jpg,556.0,262.0,48.0,48.0,T
img774.jpg,571.0,502.0,59.0,59.0,T
img774.jpg,631.0,291.0,60.0,60.0,T
img774.jpg,670.0,231.0,72.0,72.0,T
img774.jpg,914.0,344.0,22.0,22.0,F
img808.jpg,68.0,195.0,40.0,40.0,F
img808.jpg,139.0,115.0,72.0,72.0,T
img808.jpg,220.0,157.0,73.0,73.0,T
img808.jpg,302.0,108.0,71.0,71.0,T
img808.jpg,362.0,160.0,73.0,73.0,T
img808.jpg,417.0,460.0,82.0,82.0,T
img808.jpg,454.0,220.0,69.0,69.0,T
img808.jpg,485.0,72.0,73.0,73.0,T
img808.jpg,593.0,264.0,85.0,85.0,T
img808.jpg,606.0,489.0,46.0,46.0,N
img81.jpg,221.0,138.0,57.0,57.0,T
img81.jpg,277.0,202.0,88.0,88.0,T
img81.jpg,483.0,424.0,53.0,53.0,N
img81.jpg,484.0,381.0,33.0,33.0,N
img81.jpg,625.0,177.0,71.0,71.0,T
img81.jpg,657.0,340.0,45.0,45.0,N
img81.jpg,681.0,74.0,69.0,69.0,T
img81.jpg,721.0,187.0,64.0,64.0,T
img81.jpg,860.0,193.0,45.0,45.0,F
img812.jpg,15.0,218.0,36.0,36.0,F
img812.jpg,201.0,162.0,59.0,59.0,T
img812.jpg,275.0,318.0,74.0,74.0,T
img812.jpg,286.0,190.0,57.0,57.0,T
img812.jpg,371.0,180.0,60.0,60.0,T
img812.jpg,415.0,137.0,48.0,48.0,T
img812.jpg,433.0,502.0,96.0,96.0,T
img812.jpg,522.0,350.0,62.0,62.0,T
img812.jpg,534.0,151.0,54.0,54.0,T
img812.jpg,724.0,196.0,40.0,40.0,F
img822.jpg,97.0,206.0,47.0,47.0,F
img822.jpg,172.0,221.0,27.0,27.0,F
img822.jpg,363.0,265.0,68.0,68.0,T
img822.jpg,444.0,187.0,60.0,60.0,T
img822.jpg,549.0,310.0,68.0,68.0,T
img822.jpg,723.0,155.0,81.0,81.0,T
img883.jpg,34.0,218.0,31.0,31.0,F
img883.jpg,34.0,308.0,48.0,48.0,F
img883.jpg,54.0,255.0,31.0,31.0,F
img883.jpg,57.0,170.0,28.0,28.0,F
img883.jpg,106.0,215.0,32.0,32.0,F
img883.jpg,130.0,181.0,25.0,25.0,F
img883.jpg,148.0,134.0,26.0,26.0,F
img883.jpg,219.0,128.0,22.0,22.0,F
img883.jpg,257.0,171.0,28.0,28.0,F
img883.jpg,322.0,263.0,32.0,32.0,T
img883.jpg,351.0,301.0,48.0,48.0,T
img883.jpg,378.0,109.0,24.0,24.0,T
img883.jpg,389.0,259.0,39.0,39.0,T
img883.jpg,417.0,295.0,46.0,46.0,T
img883.jpg,432.0,230.0,30.0,30.0,T
img883.jpg,450.0,122.0,21.0,21.0,T
img883.jpg,466.0,169.0,23.0,23.0,T
img883.jpg,473.0,244.0,32.0,32.0,T
img883.jpg,475.0,206.0,31.0,31.0,T
img883.jpg,490.0,146.0,24.0,24.0,T
img883.jpg,499.0,253.0,39.0,39.0,T
img883.jpg,502.0,171.0,25.0,25.0,T
img883.jpg,506.0,205.0,35.0,35.0,T
img883.jpg,514.0,371.0,50.0,50.0,T
img883.jpg,523.0,124.0,25.0,25.0,T
img883.jpg,540.0,243.0,42.0,42.0,T
img883.jpg,567.0,159.0,26.0,26.0,T
img883.jpg,586.0,365.0,50.0,50.0,T
img883.jpg,587.0,132.0,25.0,25.0,T
img883.jpg,610.0,156.0,39.0,39.0,T
img883.jpg,648.0,173.0,42.0,42.0,T
img883.jpg,654.0,120.0,40.0,40.0,T
img911.jpg,33.0,599.0,31.0,31.0,N
img911.jpg,37.0,300.0,43.0,43.0,F
img911.jpg,148.0,261.0,43.0,43.0,F
img911.jpg,325.0,179.0,39.0,39.0,F
img911.jpg,377.0,319.0,60.0,60.0,T
img911.jpg,405.0,364.0,62.0,62.0,T
img911.jpg,408.0,189.0,28.0,28.0,F
img911.jpg,458.0,238.0,26.0,26.0,T
img911.jpg,524.0,181.0,31.0,31.0,T
img911.jpg,566.0,416.0,56.0,56.0,T
img911.jpg,634.0,310.0,41.0,41.0,T
img911.jpg,753.0,322.0,58.0,58.0,T
img956.jpg,276.0,220.0,83.0,83.0,T
img956.jpg,292.0,154.0,56.0,56.0,T
img956.jpg,355.0,242.0,74.0,74.0,T
img956.jpg,394.0,151.0,61.0,61.0,T
img956.jpg,480.0,261.0,52.0,52.0,T
img956.jpg,496.0,149.0,58.0,58.0,T
img956.jpg,509.0,248.0,76.0,76.0,T
img956.jpg,572.0,187.0,38.0,38.0,F
img956.jpg,647.0,415.0,52.0,52.0,N
img956.jpg,760.0,183.0,73.0,73.0,F
img956.jpg,887.0,505.0,44.0,44.0,N
